appid,collected_utc,total_positive,total_negative,total_reviews,pct_positive,review_score,review_score_desc,name,type,coming_soon,release_date,price_cents,is_free,metacritic_score,recommendations,achievements_total,platform_windows,platform_mac,platform_linux,n_languages,dlc_count,categories,genres,controller_support,developers,publishers,owners_lo,owners_hi,owners_estimate,steamspy_tags,steamspy_n_languages,concurrent_players
254760,2026-06-03T05:35:21.198309,66,13,79,0.8354430379746836,8,Very Positive,Empire Earth: Gold Edition,game,False,"May 26, 2026",599,False,,,,True,False,False,1,0,Single-player|Family Sharing,Strategy,,Stainless Steel Studios|Mad Doc Software|Xtended Realities,Rebellion,0,20000,10000,,1,45
342940,2026-06-03T05:35:21.198309,4023,844,4867,0.826587220053421,8,Very Positive,Project: Gorgon,game,False,"Jan 28, 2026",2499,False,,4507.0,,True,True,True,1,2,Single-player|Multi-player|MMO|Cross-Platform Multiplayer|Adjustable Text Size|Camera Comfort|Color Alternatives|Custom Volume Controls|Stereo Sound,Indie|Massively Multiplayer|RPG,,"Elder Game, LLC","Elder Game, LLC",20000,50000,35000,Massively Multiplayer|RPG|Indie|MMORPG|Early Access|Fantasy|Open World|Sandbox|Crafting|Adventure|Sexual Content,1,360
347660,2026-06-03T05:35:21.198309,64,12,76,0.8421052631578947,8,Very Positive,Caromble!,game,False,"Apr 22, 2026",1299,False,,,41.0,True,False,True,11,0,Single-player|Steam Achievements|Full controller support|Steam Trading Cards|Steam Cloud|Steam Leaderboards|Remote Play on TV|Family Sharing,Action|Casual|Indie,full,Crimson Owl Studios,Crimson Owl Studios,0,20000,10000,Early Access|Arcade|Pinball|Action|Physics|Indie|Precision Platformer|Steampunk|Puzzle-Platformer|Score Attack|Casual|Bullet Time|3D|2.5D|Destruction|Retro|Old School|3D Platformer|Platformer|Remake,11,0
371580,2026-06-03T05:35:21.198309,15,8,23,0.6521739130434783,5,Mixed,Catjong 2: Pawprints in the Snow,game,False,"Jan 13, 2026",0,True,,,18.0,True,True,False,12,1,Single-player|Steam Achievements,Casual|Free To Play,,Best Place Apps,Best Place Apps,0,20000,10000,,0,0
380110,2026-06-03T05:35:21.198309,60,23,83,0.7228915662650602,6,Mostly Positive,In The Black,game,False,"May 5, 2026",1999,False,,,,True,False,False,1,0,Single-player|Multi-player|PvP|Online PvP|Partial Controller Support|Steam Cloud|Family Sharing,Action|Indie|Simulation|Early Access,,Impeller Studios,Impeller Studios|Exothermic,0,20000,10000,,1,2
428910,2026-06-03T05:35:21.198309,15,7,22,0.6818181818181818,5,Mixed,Red Fox and the Four Seasons,game,False,"Jan 10, 2026",499,False,,,,True,False,False,1,3,Single-player|Steam Trading Cards|Family Sharing,Action|Adventure|Casual|Indie,,Boogygames Studios,Boogygames Studios,20000,50000,35000,Side Scroller|2D Platformer|Cute|Family Friendly|Hand-drawn|Adventure|Colorful|Cartoon|2D|Singleplayer|Casual|Exploration|Indie|Cartoony|Action|Magic|Mystery|Snow|Early Access|Runner,1,0
465490,2026-06-03T05:35:21.198309,1317,369,1686,0.7811387900355872,6,Mostly Positive,Stellar Tactics,game,False,"Mar 30, 2026",2499,False,,1619.0,40.0,True,False,False,5,1,Single-player|Steam Achievements|Steam Cloud|Family Sharing,Adventure|Indie|RPG|Strategy,,Don Wilkins,Maverick Games,100000,200000,150000,CRPG|RPG|Party-Based RPG|Character Customization|Tactical RPG|Turn-Based Combat|Isometric|Open World|Post-apocalyptic|Sandbox|Sci-fi|Turn-Based Tactics|Singleplayer|Space|Early Access|Indie|Turn-Based|Adventure|Strategy|Exploration,5,30
491540,2026-06-03T05:35:21.198309,5873,2195,8068,0.7279375309866137,6,Mostly Positive,The Bus,game,False,"Mar 26, 2026",3999,False,,7467.0,49.0,True,False,False,16,1,Single-player|Multi-player|Co-op|Online Co-op|Full controller support|Steam Workshop|Camera Comfort|Color Alternatives|Custom Volume Controls|Adjustable Difficulty|Keyboard Only Option|Mouse Only Option|Playable without Timed Input|Save Anytime|Subtitle Options|Surround Sound|Steam Cloud|Includes level editor|Family Sharing,Simulation,full,TML-Studios,Aerosoft GmbH,200000,500000,350000,Simulation|Driving|Automobile Sim|Multiplayer|Realistic|Relaxing|First-Person|Early Access|Moddable|Atmospheric|Singleplayer|Level Editor|Economy|Open World|Management|Time Management|Tutorial|Transportation|Casual|Exploration,16,68
538030,2026-06-03T05:35:21.198309,4343,974,5317,0.8168139928531126,8,Very Positive,Xenonauts 2,game,False,"Apr 2, 2026",2599,False,82.0,4405.0,20.0,True,False,False,11,0,Single-player|Steam Achievements|Steam Trading Cards|Camera Comfort|Custom Volume Controls|Adjustable Difficulty|Mouse Only Option|Playable without Timed Input|Save Anytime|Stereo Sound|Steam Cloud|Family Sharing,RPG|Simulation|Strategy,,Goldhawk Interactive,Hooded Horse,100000,200000,150000,Strategy|Simulation|Turn-Based Strategy|Wargame|War|Turn-Based Tactics|Sci-fi|4X|Sandbox|Grand Strategy|Tactical|Military|Management|Singleplayer|Turn-Based|Turn-Based Combat|Moddable|RPG|Character Customization|Early Access,11,248
555400,2026-06-03T05:35:21.198309,227,87,314,0.7229299363057324,6,Mostly Positive,Collision Course,game,False,"May 29, 2026",1199,False,,293.0,21.0,True,False,False,1,0,Single-player|Partial Controller Support|Family Sharing,Action|Adventure|Indie,,Crynosaurs,Crynosaurs,20000,50000,35000,Adventure|Action|Indie|Dinosaurs|Early Access|Survival|FPS|Open World|First-Person|Multiplayer,1,1
574760,2026-06-03T05:35:21.198309,556,548,1104,0.5036231884057971,5,Mixed,Starship Theory,game,False,"May 31, 2026",0,True,,929.0,,True,True,True,1,0,Single-player,Indie|Simulation|Strategy,,Reconnect Software,Reconnect Software,100000,200000,150000,Base-Building|Simulation|Strategy|Space|Indie|Survival|Early Access|Management|2D|Sci-fi|Casual|Real-Time with Pause|Building|Atmospheric,1,5
590830,2026-06-03T05:35:21.198309,5127,3360,8487,0.6041003888299753,5,Mixed,s&box,game,False,"Apr 28, 2026",1999,False,,4591.0,,True,False,False,1,0,Single-player|Multi-player|PvP|Online PvP|LAN PvP|Co-op|Online Co-op|LAN Co-op|Steam Trading Cards|Steam Workshop|In-App Purchases|Includes level editor|Family Sharing,Action|Adventure|Casual|Indie|Racing|Simulation|Sports|Strategy,,Facepunch Studios,Facepunch Studios,0,20000,10000,,1,719
619540,2026-06-03T05:35:21.198309,888,232,1120,0.7928571428571428,6,Mostly Positive,Darkwater,game,False,"Mar 26, 2026",999,False,,938.0,14.0,True,False,False,12,1,Single-player|Multi-player|Co-op|Online Co-op|Steam Achievements|Steam Trading Cards|Steam Cloud|Family Sharing,Action|Adventure|Casual|Indie|RPG|Strategy,,Targon Studios,Playstack,20000,50000,35000,Early Access|Online Co-Op|Horror|Submarine|Survival|Strategy|Multiplayer|Naval|Underwater|Co-op|PvE|Resource Management|Survival Horror|Procedural Generation|Naval Combat|Funny|Action-Adventure|First-Person|Singleplayer|Exploration,12,9
690290,2026-06-03T05:35:21.198309,102,23,125,0.816,8,Very Positive,Territory Control 2,game,False,"Feb 23, 2026",1999,False,,,2.0,True,False,False,1,0,Single-player|Multi-player|PvP|Online PvP|LAN PvP|Co-op|Online Co-op|LAN Co-op|Steam Workshop|Custom Volume Controls|Playable without Timed Input|Save Anytime|Stereo Sound|Surround Sound|Includes level editor|Family Sharing,Action|Indie|RPG|Simulation|Strategy|Early Access,,TFlippy|Knorrepot,TFlippy,0,20000,10000,,1,0
696220,2026-06-03T05:35:21.198309,1089,372,1461,0.7453798767967146,6,Mostly Positive,Folklore Hunter,game,False,"Jan 30, 2026",1799,False,,1186.0,3.0,True,False,False,1,1,Single-player|Multi-player|Co-op|Online Co-op|Steam Achievements|Steam Workshop|Adjustable Text Size|Camera Comfort|Color Alternatives|Custom Volume Controls|Playable without Timed Input|Stereo Sound|Steam Cloud|Family Sharing,Action|Indie,,Liquid Donkey Games,Liquid Donkey Games,50000,100000,75000,Early Access|Horror|Survival Horror|Multiplayer|Mythology|Hunting|Psychological Horror|Atmospheric|Action|FPS|Story Rich|Co-op|Violent|First-Person|Survival|Open World|Supernatural|Online Co-Op|Action-Adventure|Shooter,1,2
707710,2026-06-03T05:35:21.198309,152,76,228,0.6666666666666666,5,Mixed,Mobile Dungeon,game,False,"Mar 3, 2026",0,True,,,,True,False,False,8,0,Single-player|Multi-player|Cross-Platform Multiplayer|In-App Purchases,Adventure|Casual|Massively Multiplayer|RPG|Strategy|Free To Play,,Playa Games GmbH,Playa Games GmbH,0,20000,10000,,0,42
757590,2026-06-03T05:35:21.198309,10,15,25,0.4,5,Mixed,Life Game,game,False,"Feb 11, 2026",99,False,,,,True,False,False,1,0,Single-player|Family Sharing,Indie|Simulation,,Old Town Entertainment,Old Town Entertainment,0,20000,10000,Simulation|Early Access|Indie|Dating Sim,1,0
758690,2026-06-03T05:35:21.198309,2153,921,3074,0.7003903708523097,6,Mostly Positive,Occupy Mars: The Game,game,False,"Jan 30, 2026",1649,False,,2639.0,46.0,True,False,False,14,1,Single-player|Multi-player|Co-op|Online Co-op|Cross-Platform Multiplayer|Steam Achievements|Steam Trading Cards|Captions available|Camera Comfort|Custom Volume Controls|Adjustable Difficulty|Playable without Timed Input|Save Anytime|Stereo Sound|Subtitle Options|Surround Sound|Partial Controller Support|Steam Cloud|Family Sharing,Adventure|Indie|Simulation|Free To Play,,▲ Pyramid Games,▲ Pyramid Games|PlayWay S.A.,100000,200000,150000,Early Access|Open World Survival Craft|Open World|Resource Management|Sandbox|Crafting|Base-Building|Simulation|Space|Survival|Exploration|Building|Indie|Mars|Colony Sim|Online Co-Op|First-Person|Singleplayer|City Builder|Third Person,14,45
767320,2026-06-03T05:35:21.198309,352,530,882,0.39909297052154197,4,Mostly Negative,Granblue Fantasy,game,False,"Mar 10, 2026",0,True,,,,True,False,False,2,0,Single-player|Multi-player|Co-op|Online Co-op|In-App Purchases|Custom Volume Controls|Mouse Only Option|Playable without Timed Input,RPG,,"Cygames, Inc.","Cygames, Inc.",0,20000,10000,,0,166
774291,2026-06-03T05:35:21.198309,193,61,254,0.7598425196850394,6,Mostly Positive,Last Man Sitting,game,False,"Mar 31, 2026",249,False,,206.0,45.0,True,False,False,10,3,Single-player|Multi-player|PvP|Online PvP|Co-op|Online Co-op|Steam Achievements|Partial Controller Support|Steam Cloud|Family Sharing,Action,,DoubleMoose Games,Raw Fury,0,20000,10000,,10,40
804460,2026-06-03T05:35:21.198309,20,18,38,0.5263157894736842,5,Mixed,LAST WAR 2044,game,False,"Mar 18, 2026",99,False,,,8.0,True,False,False,2,0,Single-player|Steam Achievements|Custom Volume Controls|Keyboard Only Option|Mouse Only Option|Playable without Timed Input|Stereo Sound|Family Sharing,Action|Strategy,,NVG Games,NVG Games,0,20000,10000,Action|Strategy|Early Access|Horror|War|Singleplayer|Building|Tower Defense|Atmospheric|Economy,2,0
854080,2026-06-03T05:35:21.198309,123,23,146,0.8424657534246576,8,Very Positive,Dread Trials,game,False,"Apr 23, 2026",1599,False,,128.0,50.0,True,False,False,5,0,Single-player|Steam Achievements|Full controller support|Custom Volume Controls|Adjustable Difficulty|Playable without Timed Input|Steam Cloud|Family Sharing,Action|Adventure|Indie|RPG,full,Hitbear Studio,Hitbear Studio,0,20000,10000,,5,19
995680,2026-06-03T05:35:21.198309,99,50,149,0.6644295302013423,5,Mixed,Truck Mechanic: Dangerous Paths,game,False,"Mar 30, 2026",1399,False,,140.0,33.0,True,False,False,12,1,Single-player|Steam Achievements|Full controller support|Steam Trading Cards|Custom Volume Controls|Playable without Timed Input|Save Anytime|Stereo Sound|Surround Sound|Steam Cloud|Family Sharing,Action|Indie|Simulation,full,Atomic Jelly,101XP|PlayWay S.A.,0,20000,10000,,12,2
1028510,2026-06-03T05:35:21.198309,47,53,100,0.47,5,Mixed,Past Fate,game,False,"Jan 7, 2026",1999,False,,,3.0,True,False,False,1,0,Multi-player|MMO|PvP|Online PvP|Co-op|Steam Achievements|Family Sharing,Action|Indie|Massively Multiplayer|RPG|Early Access,,Icy North Games,Icy North Games,0,20000,10000,,1,0
1059220,2026-06-03T05:35:21.198309,624,325,949,0.6575342465753424,5,Mixed,'83,game,False,"Apr 23, 2026",2999,False,,895.0,,True,False,False,1,0,Multi-player|PvP|Online PvP|Custom Volume Controls|Playable without Timed Input|Stereo Sound|Steam Cloud|HDR available|Family Sharing|Steam Timeline,Action|Massively Multiplayer|Simulation|Strategy|Early Access,,Blue Dot Games,Blue Dot Games,0,20000,10000,,1,1
1063590,2026-06-03T05:35:21.198309,293,180,473,0.6194503171247357,5,Mixed,Rogue Masters,game,False,"Jan 10, 2026",0,True,,112.0,11.0,True,False,False,3,0,Single-player|Multi-player|PvP|Online PvP|Co-op|Online Co-op|Steam Achievements|Partial Controller Support|Steam Cloud|Steam Leaderboards,Action|Adventure|Free To Play,,Advance Garde|Main Leaf,Advance Garde,0,20000,10000,Souls-like|Online Co-Op|Character Customization|Dark Fantasy|Action|Dark|Medieval|Difficult|Combat|PvE|Free to Play|Early Access|Third Person|Adventure|Multiplayer|Action-Adventure,3,2
1115990,2026-06-03T05:35:21.198309,18,4,22,0.8181818181818182,7,Positive,Echo Generation 2,game,False,"May 27, 2026",2249,False,,,50.0,True,False,False,12,0,Single-player|Steam Achievements|Full controller support|Camera Comfort|Custom Volume Controls|Stereo Sound|Subtitle Options|Steam Cloud|Family Sharing,Action|Adventure|Indie|RPG,full,Cococucumber,Cococucumber,0,20000,10000,,0,3
1116050,2026-06-03T05:35:21.198309,935,307,1242,0.7528180354267311,6,Mostly Positive,Starminer,game,False,"May 27, 2026",2699,False,,1195.0,58.0,True,False,False,1,0,Single-player|Steam Achievements|Steam Cloud|Family Sharing,Action|Indie|RPG|Simulation|Strategy|Early Access,,CoolAndGoodGames,CoolAndGoodGames,0,20000,10000,,1,1182
1120270,2026-06-03T05:35:21.198309,27,5,32,0.84375,7,Positive,Hidden Rabbit,game,False,"Mar 24, 2026",0,True,,,55.0,True,False,False,2,0,Single-player,Casual,,云栖工作室,云栖工作室,0,20000,10000,,0,0
1122360,2026-06-03T05:35:21.198309,48,12,60,0.8,8,Very Positive,Westwood Shadows,game,False,"Feb 10, 2026",1199,False,,,33.0,True,False,False,1,0,Single-player|Steam Achievements|Partial Controller Support|Family Sharing,Action|Adventure|Indie,,RedSoup Studio,RedSoup Studio,0,20000,10000,Early Access|First-Person|Singleplayer|Atmospheric|Violent|Gore|Story Rich|Dark|Puzzle|Choices Matter|Adventure|Hero Shooter|Detective|Action-Adventure|Hidden Object|3D|Emotional|Investigation|Mystery|Old School,1,0
1133500,2026-06-03T05:35:21.198309,172,115,287,0.5993031358885017,5,Mixed,Overthrown,game,False,"Mar 18, 2026",2499,False,,236.0,30.0,True,False,False,10,0,Single-player|Multi-player|Co-op|Online Co-op|Steam Achievements|Full controller support|Steam Cloud|Family Sharing,Indie|Simulation|Strategy,full,Brimstone,Maximum Entertainment,0,20000,10000,Early Access|City Builder|Building|Sandbox|Management|Simulation|Combat|Adventure|Multiplayer|Action-Adventure|Exploration|Singleplayer|Colorful|Resource Management|Fantasy|Online Co-Op|3D|Cute|Crafting|Level Editor,10,0
1142050,2026-06-03T05:35:21.198309,49,20,69,0.7101449275362319,6,Mostly Positive,Deadhaus Sonata,game,False,"May 14, 2026",1999,False,,,,True,False,False,1,0,Single-player|Multi-player|Co-op|Online Co-op|Camera Comfort|Custom Volume Controls|Adjustable Difficulty|Playable without Timed Input|Stereo Sound|Family Sharing,Action|Adventure|Indie|Massively Multiplayer|RPG|Early Access,,Apocalypse Studios,Apocalypse Studios,0,20000,10000,,1,0
1165990,2026-06-03T05:35:21.198309,148,39,187,0.7914438502673797,6,Mostly Positive,Kiln,game,False,"Apr 23, 2026",1999,False,,132.0,30.0,True,False,False,26,4,Multi-player|PvP|Online PvP|Cross-Platform Multiplayer|Steam Achievements|Full controller support|Color Alternatives|Custom Volume Controls|Keyboard Only Option|Playable without Timed Input|Stereo Sound|Subtitle Options|Surround Sound|Steam Cloud|HDR available|Family Sharing,Action|Casual,full,Double Fine Productions,Xbox Game Studios,0,20000,10000,,26,6
1176470,2026-06-03T05:35:21.198309,7490,1792,9282,0.8069381598793364,8,Very Positive,Terra Invicta,game,False,"Jan 5, 2026",2399,False,83.0,8497.0,100.0,True,False,False,14,0,Single-player|Steam Achievements|Steam Trading Cards|Steam Workshop|Adjustable Text Size|Camera Comfort|Custom Volume Controls|Adjustable Difficulty|Mouse Only Option|Playable without Timed Input|Save Anytime|Steam Cloud|Family Sharing,Simulation|Strategy,,Pavonis Interactive,Hooded Horse,200000,500000,350000,Strategy|Simulation|Grand Strategy|4X|Historical|War|Military|Management|Sandbox|Wargame|Moddable|Diplomacy|Economy|Real-Time with Pause|Singleplayer|Alternate History|Replay Value|RTS|Tactical|Early Access,14,438
1191830,2026-06-03T05:35:21.198309,177,371,548,0.32299270072992703,4,Mostly Negative,Iverian Wars: Craxion vs Defugel,game,False,"Feb 24, 2026",0,True,,,41.0,True,False,False,8,5,Single-player|Multi-player|MMO|PvP|Online PvP|Co-op|Online Co-op|Steam Achievements|In-App Purchases|Color Alternatives|Custom Volume Controls|Keyboard Only Option|Mouse Only Option|Stats,Action|Indie|Massively Multiplayer|RPG|Free To Play|Early Access,,Zemi Interactive,Zemi Interactive,0,20000,10000,,1,8
1205270,2026-06-03T05:35:21.198309,65,22,87,0.7471264367816092,6,Mostly Positive,Magin: The Rat Project Stories,game,False,"Apr 29, 2026",1999,False,,,12.0,True,False,False,9,2,Single-player|Steam Achievements|Full controller support|Steam Trading Cards|Steam Cloud|Family Sharing,Adventure|Indie|Strategy,full,The Rat Project,Daedalic Entertainment,0,20000,10000,,9,1
1206410,2026-06-03T05:35:21.198309,391,120,511,0.7651663405088063,6,Mostly Positive,Kristala,game,False,"Apr 23, 2026",2399,False,,380.0,50.0,True,False,False,11,4,Single-player|Full controller support|Steam Cloud|Family Sharing,Action|Adventure|Indie|RPG,full,Astral Clocktower Studios,Astral Clocktower Studios,50000,100000,75000,Fantasy|Action|Action RPG|Souls-like|Dark Fantasy|Early Access|Cats|Magic|RPG|Steampunk|Stealth|Parkour|Story Rich|Character Customization|Exploration|3D Platformer|Singleplayer|Combat|Surreal|Third Person,11,6
1233170,2026-06-03T05:35:21.198309,73,37,110,0.6636363636363637,5,Mixed,Utopia Colony,game,False,"Apr 4, 2026",1699,False,,,20.0,True,False,False,1,0,Single-player|Steam Achievements|Steam Trading Cards|Partial Controller Support|Family Sharing,Adventure|Casual|Indie|Simulation|Strategy,,GridSky Software,GridSky Software,20000,50000,35000,Early Access|Space|Mars|Mining|Post-apocalyptic|Sci-fi|Colony Sim|Space Sim|Base-Building|Adventure|Exploration|Simulation|Strategy|Futuristic|Atmospheric|Third Person|Open World Survival Craft|Casual|Nature|Conversation,1,0
1246350,2026-06-03T05:35:21.198309,14,14,28,0.5,5,Mixed,MooN CASTLE,game,False,"Apr 3, 2026",999,False,,,,True,False,False,2,0,Single-player|Remote Play Together|Family Sharing,Indie|Strategy,,纸片,游界,0,20000,10000,,2,0
1247580,2026-06-03T05:35:21.198309,17,5,22,0.7727272727272727,6,Mostly Positive,The Dark Heart of Balor,game,False,"Jan 2, 2026",374,False,,,,True,False,False,5,0,Single-player|Full controller support|Family Sharing,Action|Adventure|Indie|RPG,full,"Game Artists, LLC","Game Artists, LLC",20000,50000,35000,Early Access|Metroidvania|Side Scroller|3D Platformer|Hack and Slash|Dungeon Crawler|Platformer|RPG|Action RPG|Action-Adventure|2.5D|3D|Action|Controller|Stylized|Dark Fantasy|Demons|Family Friendly|Fantasy|Gothic,5,0
1253220,2026-06-03T05:35:21.198309,387,200,587,0.6592844974446337,5,Mixed,The Gold River Project,game,False,"Jan 23, 2026",1874,False,,534.0,25.0,True,False,False,10,0,Single-player|Multi-player|Co-op|Online Co-op|Steam Achievements|Partial Controller Support|Steam Cloud|Family Sharing,Adventure|Indie|Simulation|Early Access,,Fairview Games Inc.,Fairview Games Inc.|Sightline Games,0,20000,10000,,10,31
1278420,2026-06-03T05:35:21.198309,21,41,62,0.3387096774193548,4,Mostly Negative,BLOCKLORDS,game,False,"Mar 31, 2026",0,True,,,95.0,True,False,False,11,0,Single-player|Multi-player|MMO|PvP|Online PvP|Steam Achievements|In-App Purchases,Indie|Massively Multiplayer|RPG|Simulation|Strategy,,MetaKing Studios,MetaKing Studios,0,20000,10000,,0,1
1296880,2026-06-03T05:35:21.198309,129,31,160,0.80625,8,Very Positive,Sausage Hunter,game,False,"Jan 31, 2026",99,False,,128.0,8.0,True,False,False,1,0,Single-player|Steam Achievements|Steam Trading Cards|Steam Cloud|Family Sharing,Casual|Early Access,,Banger Chasers,Banger Chasers,0,20000,10000,Early Access|Side Scroller|Shoot 'Em Up|Puzzle|Platformer|Shooter|Isometric|Cute|Family Friendly|Casual|Hand-drawn|Colorful|Action|Survival|Nature|Adventure|Indie|2D|Addictive|Great Soundtrack,1,2
1320430,2026-06-03T05:35:21.198309,21,5,26,0.8076923076923077,7,Positive,Lost In Space - The First Adventure,game,False,"Feb 19, 2026",999,False,,,,True,False,False,1,0,Single-player|Partial Controller Support|Family Sharing,Adventure,,Scary Robot,Scary Robot,0,20000,10000,,1,0
1346290,2026-06-03T05:35:21.198309,73,39,112,0.6517857142857143,5,Mixed,Jay and Silent Bob: Chronic Blunt Punch,game,False,"Apr 20, 2026",1599,False,,,43.0,True,False,False,6,0,Single-player|Multi-player|Co-op|Shared/Split Screen Co-op|Shared/Split Screen|Steam Achievements|Full controller support|Steam Cloud|Remote Play Together|Family Sharing,Action|Indie,full,Interabang Entertainment,Atari|Digital Eclipse,0,20000,10000,,6,2
1351440,2026-06-03T05:35:21.198309,28,14,42,0.6666666666666666,5,Mixed,Kreed,game,False,"Feb 15, 2026",699,False,,,,True,False,False,6,0,Single-player|Family Sharing,Action,,Burut CT,Strategy First,0,20000,10000,,6,0
1358490,2026-06-03T05:35:21.198309,55,27,82,0.6707317073170732,5,Mixed,Ash & Rust,game,False,"Mar 13, 2026",1999,False,,,16.0,True,False,False,1,0,Single-player|Steam Achievements|Full controller support|Steam Leaderboards|Family Sharing,Action|Indie|RPG,full,Ash and Rust Studios,Ash and Rust Studios,20000,50000,35000,Early Access|Action RPG|Hack and Slash|PvE|Top-Down|Dark Fantasy|Character Customization|RPG|3D|Isometric|Action|Realistic|Fantasy|Gothic|Loot|Magic|Mythology|Medieval|Crafting|Combat,1,0
1374680,2026-06-03T05:35:21.198309,40,17,57,0.7017543859649122,6,Mostly Positive,Hazard Levels,game,False,"Apr 30, 2026",999,False,,,,True,False,False,13,2,Single-player|Multi-player|Co-op|Online Co-op|Full controller support|Family Sharing,Action|Adventure|Indie|Early Access,full,Wales Interactive,Wales Interactive,0,20000,10000,,12,0
1385290,2026-06-03T05:35:21.198309,132,93,225,0.5866666666666667,5,Mixed,Pizza Slice,game,False,"Mar 13, 2026",1499,False,,196.0,15.0,True,False,False,15,0,Single-player|Multi-player|PvP|Online PvP|Co-op|Online Co-op|Steam Achievements|Steam Trading Cards|Family Sharing,Casual|Indie|Simulation|Strategy,,Quest Craft|Gaming Factory,Gaming Factory|Ultimate Games S.A.|Ultimate Publishing|PlayWay S.A.,0,20000,10000,,15,1
1393830,2026-06-03T05:35:21.198309,165,88,253,0.6521739130434783,5,Mixed,INFLUXIS,game,False,"Jan 26, 2026",0,True,,,,True,False,False,1,0,Single-player,Adventure|Indie|Free To Play,,BaleYc Studios,BaleYc Studios,20000,50000,35000,Early Access|Open World|Casual|Survival|Open World Survival Craft|Horror|Survival Horror|3D|First-Person|Colorful|Aliens|Atmospheric|Mystery|Nature|Sci-fi|Submarine|Underwater|Crafting|Singleplayer|Inventory Management,1,1
1395840,2026-06-03T05:35:21.198309,48,25,73,0.6575342465753424,5,Mixed,The End of the World and Her Room,game,False,"Mar 4, 2026",0,True,,,2.0,True,False,False,4,0,Single-player|Steam Achievements|Steam Cloud,Indie|Free To Play,,Renka,Renka P 01,0,20000,10000,,0,0
1400660,2026-06-03T05:35:21.198309,358,96,454,0.788546255506608,6,Mostly Positive,Rise of Piracy,game,False,"Feb 24, 2026",1599,False,,433.0,23.0,True,False,False,1,0,Single-player|Steam Achievements|Color Alternatives|Playable without Timed Input|Stereo Sound|Subtitle Options|Steam Cloud|Family Sharing,Action|Adventure|Indie|Simulation|Strategy|Early Access,,IrishJohnGames,MicroProse Software,0,20000,10000,,1,8
1401200,2026-06-03T05:35:21.198309,37,9,46,0.8043478260869565,7,Positive,Shadows of Soldiers,game,False,"Jan 30, 2026",999,False,,,32.0,True,False,False,1,0,Multi-player|PvP|Online PvP|Steam Achievements|Camera Comfort|Custom Volume Controls|Keyboard Only Option|Mouse Only Option|Stereo Sound|Family Sharing,Action|Massively Multiplayer,,Ghost in the Wire,Ghost in the Wire,0,20000,10000,,1,0
1401630,2026-06-03T05:35:21.198309,40,16,56,0.7142857142857143,6,Mostly Positive,Stellar Wanderer DX,game,False,"Mar 12, 2026",1999,False,,,19.0,True,False,False,8,0,Single-player|Steam Achievements|Full controller support|Camera Comfort|Custom Volume Controls|Playable without Timed Input|Stereo Sound|Steam Cloud|Stats|Family Sharing,Action|RPG|Simulation,full,Dream Builder Studios,Leoful,0,20000,10000,,8,0
1409840,2026-06-03T05:35:21.198309,89,26,115,0.7739130434782608,6,Mostly Positive,Aztecs: The Last Sun,game,False,"May 22, 2026",1599,False,,,35.0,True,False,False,7,4,Single-player|Steam Achievements|Steam Trading Cards|Custom Volume Controls|Adjustable Difficulty|Playable without Timed Input|Save Anytime|Steam Cloud|Family Sharing,Simulation|Strategy,,Play2Chill S.A.,Toplitz Productions,0,20000,10000,,7,1
1410090,2026-06-03T05:35:21.198309,39,9,48,0.8125,7,Positive,Hellscreen,game,False,"Feb 13, 2026",1799,False,,,,True,False,False,1,0,Single-player|Partial Controller Support|Family Sharing,Action,,Jamie D|Mixtape Games UK,Mixtape Games UK,200000,500000,350000,Boomer Shooter|Fast-Paced|Retro|Metroidvania|Shooter|Horror|Old School|Atmospheric|First-Person|Combat|Singleplayer|Action|Arena Shooter|3D|Demons|Adventure|Early Access|Exploration|FPS|Stylized,1,0
1410400,2026-06-03T05:35:21.198309,22,8,30,0.7333333333333333,6,Mostly Positive,Kejora,game,False,"Jan 14, 2026",1799,False,,,15.0,True,False,False,2,0,Single-player|Steam Achievements|Full controller support|Custom Volume Controls|Keyboard Only Option|Save Anytime|Subtitle Options|Family Sharing,Action|Adventure|Casual|Indie,full,Berangin Creative,Soft Source,0,20000,10000,,2,0
1411970,2026-06-03T05:35:21.198309,18,4,22,0.8181818181818182,7,Positive,Avian Knights,game,False,"Mar 19, 2026",1499,False,,,16.0,True,True,True,18,0,Single-player|Multi-player|PvP|Shared/Split Screen PvP|Co-op|Shared/Split Screen Co-op|Shared/Split Screen|Steam Achievements|Full controller support|Remote Play Together|Family Sharing,Action|Adventure|Casual,full,"Alan-1, Inc.","Alan-1, Inc.",0,20000,10000,Early Access|Arcade|PvE|Action|Casual|Local Multiplayer|Adventure|Local Co-Op|PvP|Platformer|2D Fighter|2D|Multiplayer|Singleplayer|Action-Adventure|Twin Stick Shooter|Cartoony|1980s|Fantasy|Medieval,18,0
1431750,2026-06-03T05:35:21.198309,19,4,23,0.8260869565217391,7,Positive,The Henchmen,game,False,"May 26, 2026",999,False,,,20.0,True,False,False,2,1,Single-player|Multi-player|Co-op|Shared/Split Screen Co-op|Shared/Split Screen|Steam Achievements|Full controller support|Steam Cloud|Remote Play Together|Family Sharing,Action|Adventure|Indie|Racing,full,Alex Von Bronx,DOSMan Publishing,0,20000,10000,,2,0
1446900,2026-06-03T05:35:21.198309,202,39,241,0.8381742738589212,8,Very Positive,Fallen Tear: The Ascension,game,False,"Mar 17, 2026",1999,False,,177.0,12.0,True,False,False,2,0,Single-player|Steam Achievements|Full controller support|Custom Volume Controls|Stereo Sound|Steam Cloud|Family Sharing,Action|Adventure|Indie|RPG|Early Access,full,Winter Crew Studios,CMD Studios,0,20000,10000,,2,1
1450900,2026-06-03T05:35:21.198309,1558,389,1947,0.8002054442732409,8,Very Positive,Desynced,game,False,"Mar 5, 2026",2999,False,,1775.0,28.0,True,False,False,9,0,Single-player|Multi-player|PvP|Online PvP|Co-op|Online Co-op|Steam Workshop|Partial Controller Support|Steam Cloud|Family Sharing,Simulation|Strategy,,Stage Games Inc.,Forklift Interactive|Gamersky Games,100000,200000,150000,Strategy|Automation|Programming|Base-Building|Sandbox|City Builder|Simulation|RTS|Sci-fi|Multiplayer|Survival|Building|Management|Resource Management|Singleplayer|Online Co-Op|Top-Down|Co-op|Early Access|3D,9,69
1451050,2026-06-03T05:35:21.198309,89,42,131,0.6793893129770993,5,Mixed,Sherman Commander,game,False,"Mar 14, 2026",2999,False,,109.0,42.0,True,False,False,18,1,Single-player|Steam Achievements|Steam Cloud|Family Sharing,Action|Indie|Simulation|Strategy,,Iron Wolf Studio S.A.,Daedalic Entertainment,0,20000,10000,,18,1
1452250,2026-06-03T05:35:21.198309,457,248,705,0.64822695035461,5,Mixed,Underground Garage,game,False,"Jan 27, 2026",1499,False,,626.0,15.0,True,False,False,11,0,Single-player|Steam Achievements|Full controller support|Custom Volume Controls|Playable without Timed Input|Save Anytime|Stereo Sound|Subtitle Options|Steam Cloud|Family Sharing,Simulation,full,BeardedBrothers.games,astragon Entertainment,0,20000,10000,Simulation|Racing|Open World|Automobile Sim|Driving|Controller|Sports|Physics|Story Rich|Exploration|Realistic|Singleplayer|Atmospheric|Third Person|Moddable|3D|Time Management|Early Access|Multiplayer|Crafting,11,8
1467270,2026-06-03T05:35:21.198309,25,10,35,0.7142857142857143,6,Mostly Positive,Beyond Enemy Lines - Vietnam,game,False,"May 22, 2026",1499,False,,,36.0,True,False,False,16,0,Single-player|Multi-player|PvP|Online PvP|Co-op|Online Co-op|Cross-Platform Multiplayer|Steam Achievements|Full controller support|Custom Volume Controls|Adjustable Difficulty|Playable without Timed Input|Stereo Sound|Subtitle Options|Includes level editor|HDR available|Family Sharing,Action|Indie|Early Access,full,Polygon Art,Polygon Art Publishing,0,20000,10000,,16,2
1469220,2026-06-03T05:35:21.198309,139,84,223,0.6233183856502242,5,Mixed,Cat Simulator: Meow,game,False,"Apr 17, 2026",59,False,,,,True,False,False,28,0,Single-player|Family Sharing,Adventure|Casual|Indie|RPG|Simulation,,Cat Studio ,Cat Studio ,0,20000,10000,Casual|Cats|Life Sim|Open World|Immersive Sim|Sandbox|Survival|RPG|Hunting|Walking Simulator|Third Person|Relaxing|Cute|Simulation|Funny|Realistic|Singleplayer|Adventure|Early Access|Co-op,28,0
1475310,2026-06-03T05:35:21.198309,15,5,20,0.75,6,Mostly Positive,Factory Magnate,game,False,"Apr 28, 2026",899,False,,,27.0,True,False,True,4,0,Single-player|Steam Achievements|Steam Cloud|Family Sharing,Casual|Simulation|Strategy,,Rising Tail,indie.io,0,20000,10000,,1,0
1487940,2026-06-03T05:35:21.198309,40,22,62,0.6451612903225806,5,Mixed,Nuumonsters,game,False,"Feb 18, 2026",999,False,,,20.0,True,False,False,4,0,Single-player|Steam Achievements|Full controller support|Steam Cloud|Family Sharing,Adventure|Casual|Indie|RPG,full,Yanako RPGs,Yanako RPGs,20000,50000,35000,Early Access|RPG|Creature Collector|Turn-Based Strategy|Open World|Retro|Adventure|Party-Based RPG|JRPG|Casual|1990's|Old School|Strategy|Story Rich|2D|Cute|Pixel Graphics|Combat|Deckbuilding|Grid-Based Movement,4,0
1493440,2026-06-03T05:35:21.198309,132,135,267,0.4943820224719101,5,Mixed,TORMENTOR,game,False,"Dec 11, 2025",1739,False,,243.0,40.0,True,False,False,15,0,Single-player|Steam Achievements|Partial Controller Support|Steam Cloud|Family Sharing,Action|Adventure|Indie|Simulation,,Madmind Studio,Madmind Studio,0,20000,10000,,15,4
1515220,2026-06-03T05:35:21.198309,9,12,21,0.42857142857142855,5,Mixed,Virtual Driving School,game,False,"May 22, 2026",1799,False,,,18.0,True,True,True,30,4,Single-player|Multi-player|Co-op|Online Co-op|Steam Achievements|VR Supported|Custom Volume Controls|Keyboard Only Option|Partial Controller Support|Steam Cloud|Family Sharing,Indie|Racing|Simulation|Sports,,CGA Simulation,CGA Studio ,0,20000,10000,,30,2
1569420,2026-06-03T05:35:21.198309,56,88,144,0.3888888888888889,4,Mostly Negative,Spellfarers,game,False,"Apr 29, 2026",0,True,,,32.0,True,True,False,6,0,Multi-player|MMO|Co-op|Online Co-op|Steam Achievements|Full controller support|In-App Purchases,Adventure|Casual|Massively Multiplayer|Simulation|Free To Play,full,Digital Leisure Inc.,Digital Leisure Inc.,0,20000,10000,Early Access|Casual|Adventure|Simulation|Life Sim|MMORPG|Exploration|Immersive Sim|3D|Colorful|Third Person|Agriculture|Building|Cooking|Crafting|Fantasy|Relaxing|Character Customization|Inventory Management|Massively Multiplayer,2,2
1573590,2026-06-03T05:35:21.198309,65,106,171,0.38011695906432746,4,Mostly Negative,Colonize,game,False,"Feb 4, 2026",999,False,,154.0,,True,False,False,8,0,Single-player|Family Sharing,Simulation|Strategy,,Rembrosoft,CreativeForge Games,0,20000,10000,Strategy|RTS|City Builder|Colony Sim|Life Sim|Action RTS|Exploration|Choose Your Own Adventure|3D|Realistic|Top-Down|America|Medieval|Agriculture|Conversation|Base-Building|Singleplayer|Open World Survival Craft|Building|Early Access,8,0
1580020,2026-06-03T05:35:21.198309,17,6,23,0.7391304347826086,6,Mostly Positive,Mimetic - Prop hunt hide and seek,game,False,"Feb 6, 2026",899,False,,,13.0,True,False,False,5,0,Multi-player|PvP|Online PvP|Steam Achievements|Remote Play Together|Family Sharing,Action|Casual|Indie,,ClockNotionStudio,ClockNotionStudio,0,20000,10000,,5,0
1580820,2026-06-03T05:35:21.198309,91,28,119,0.7647058823529411,6,Mostly Positive,Sky Realm Idle,game,False,"Feb 12, 2026",699,False,,105.0,39.0,True,False,False,3,0,Single-player|Steam Achievements|Steam Workshop|Custom Volume Controls|Mouse Only Option|Playable without Timed Input|Save Anytime|Steam Cloud|Includes level editor|Family Sharing,Adventure|Casual|Indie|RPG|Simulation,,323Game,Star Seeker Ltd,0,20000,10000,,3,29
1584680,2026-06-03T05:35:21.198309,101,22,123,0.8211382113821138,8,Very Positive,Medieval Machines Builder,game,False,"Apr 20, 2026",1199,False,,,68.0,True,False,False,27,0,Single-player|Steam Achievements|Partial Controller Support|Family Sharing,Action|Casual|Indie|Simulation,,FreeMind S.A.|Solverto,PlayWay S.A.|FreeMind S.A.,0,20000,10000,Early Access|Simulation|Destruction|Medieval|3D|Casual|Physics|Action|Education|Relaxing|Family Friendly|Immersive Sim|Sandbox|Building|First-Person|Funny|Realistic|Combat|Singleplayer|Job Simulator,27,0
1598230,2026-06-03T05:35:21.198309,319,402,721,0.44244105409153955,5,Mixed,KILLER INN,game,False,"Feb 12, 2026",249,False,,629.0,,True,False,False,12,2,Multi-player|PvP|Online PvP|Co-op|Online Co-op|Steam Trading Cards|In-App Purchases|Camera Comfort|Custom Volume Controls|Playable without Timed Input|Stereo Sound|Subtitle Options|Surround Sound|Partial Controller Support|Family Sharing,Action|Casual|Massively Multiplayer|Early Access,,Square Enix|Tactic Studios,Square Enix,0,20000,10000,,12,73
1614550,2026-06-03T05:35:21.198309,2086,450,2536,0.8225552050473186,8,Very Positive,Astro Colony,game,False,"Jun 2, 2026",1699,False,,2223.0,25.0,True,False,False,13,0,Single-player|Multi-player|Co-op|Online Co-op|Steam Achievements|Steam Workshop|Adjustable Text Size|Camera Comfort|Color Alternatives|Custom Volume Controls|Adjustable Difficulty|Playable without Timed Input|Save Anytime|Stereo Sound|Surround Sound|Partial Controller Support|Steam Cloud|Includes Source SDK|Family Sharing,Action|Adventure|Casual|Indie|Simulation|Strategy,,Terad Games,Terad Games,50000,100000,75000,Base-Building|Automation|Early Access|Space|Resource Management|Simulation|Strategy|Multiplayer|Colony Sim|Building|Indie|Adventure|Action|Casual|Sandbox|Open World|Crafting|First-Person|Space Sim|Exploration,13,102
1624430,2026-06-03T05:35:21.198309,15,11,26,0.5769230769230769,5,Mixed,Vahnora,game,False,"Apr 29, 2026",0,True,,,26.0,True,False,False,7,0,Multi-player|MMO|PvP|Online PvP|Co-op|Online Co-op|Cross-Platform Multiplayer|Steam Achievements,Action|Adventure|Casual|Indie|Massively Multiplayer|RPG|Simulation|Strategy|Free To Play|Early Access,,Vahnora Studios,Vahnora Studios,0,20000,10000,,0,3
1631270,2026-06-03T05:35:21.198309,10076,2373,12449,0.8093822797011808,8,Very Positive,StarRupture,game,False,"Jan 6, 2026",1599,False,,11390.0,,True,False,False,12,2,Single-player|Multi-player|Co-op|Online Co-op|Custom Volume Controls|Playable without Timed Input|Save Anytime|Stereo Sound|Steam Cloud|Family Sharing,Action|Adventure|Indie|Simulation|Early Access,,Creepy Jar,Creepy Jar,0,20000,10000,,12,936
1631980,2026-06-03T05:35:21.198309,54,23,77,0.7012987012987013,6,Mostly Positive,Away From Home,game,False,"Dec 19, 2025",1259,False,,,,True,False,False,11,1,Single-player|Full controller support|Family Sharing,Action|Adventure|Casual|Indie|RPG|Strategy,full,Squishy|Cameron Smith-Randick,Squishy|Cameron Smith-Randick,0,20000,10000,,11,0
1638300,2026-06-03T05:35:21.198309,640,196,836,0.7655502392344498,6,Mostly Positive,Solargene,game,False,"Jan 19, 2026",3499,False,,760.0,,True,False,False,23,0,Single-player|Steam Workshop|Adjustable Text Size|Camera Comfort|Color Alternatives|Custom Volume Controls|Adjustable Difficulty|Playable without Timed Input|Save Anytime|Stereo Sound|Steam Cloud|Family Sharing,Indie|Simulation|Strategy,,Alexander Semenov,Alexander Semenov,20000,50000,35000,Early Access|Colony Sim|Base-Building|City Builder|Space Sim|Resource Management|Sandbox|Management|Building|Economy|Strategy|Space|4X|Moddable|Mod|Sci-fi|Realistic|Futuristic|Flight|Simulation,23,12
1647310,2026-06-03T05:35:21.198309,606,122,728,0.8324175824175825,8,Very Positive,Trench Lord: Eastern Front,game,False,"Apr 23, 2026",1199,False,,680.0,78.0,True,False,False,7,0,Single-player|Steam Achievements|Steam Cloud|Family Sharing,Action|Indie|Strategy,,"Tracer Studio|LING YUN CO.,LTD.", Gamersky Games,0,20000,10000,Strategy|Shooter|Military|War|Singleplayer|Action|Early Access|Indie|Top-Down Shooter|World War II|Action-Adventure|Real Time Tactics|RTS|Top-Down|Cartoon|Cartoony|Historical|Tanks|Combat|Tactical RPG,7,23
1651600,2026-06-03T05:35:21.198309,139,34,173,0.8034682080924855,8,Very Positive,Reigns: The Witcher,game,False,"Feb 25, 2026",599,False,,150.0,17.0,True,True,False,9,0,Single-player|Steam Achievements|Full controller support|Custom Volume Controls|Adjustable Difficulty|Keyboard Only Option|Mouse Only Option|Touch Only Option|Steam Cloud|Family Sharing,Adventure|Casual,full,Nerial,Devolver Digital,0,20000,10000,,9,1
1663850,2026-06-03T05:35:21.198309,5864,1184,7048,0.8320090805902384,8,Very Positive,REPLACED,game,False,"Apr 14, 2026",1999,False,,6609.0,34.0,True,False,False,16,1,Single-player|Steam Achievements|Full controller support|Steam Cloud|Family Sharing,Action|Adventure|Indie,full,Sad Cat Studios,Thunderful Publishing,0,20000,10000,,16,147
1670780,2026-06-03T05:35:21.198309,745,192,937,0.7950907150480256,6,Mostly Positive,Out of Action,game,False,"Jan 22, 2026",1999,False,,824.0,,True,False,False,1,0,Single-player|Multi-player|PvP|Online PvP|Family Sharing,Action|Indie|Early Access,,Doku Games LTD,Doku Games LTD,0,20000,10000,,1,5
1672250,2026-06-03T05:35:21.198309,33,11,44,0.75,6,Mostly Positive,Flourish,game,False,"Mar 18, 2026",199,False,,,6.0,True,True,True,21,0,Single-player|Steam Achievements|Steam Cloud|Family Sharing,Casual|Indie,,FireOwl Games,FireOwl Games,0,20000,10000,,21,0
1672810,2026-06-03T05:35:21.198309,3139,669,3808,0.8243172268907563,8,Very Positive,MIO: Memories in Orbit,game,False,"Jan 20, 2026",1599,False,83.0,3273.0,40.0,True,False,False,15,0,Single-player|Steam Achievements|Full controller support|Steam Trading Cards|Custom Volume Controls|Adjustable Difficulty|Keyboard Only Option|Stereo Sound|Steam Cloud|Family Sharing,Action|Adventure|Indie,full,Douze Dixièmes,Focus Entertainment,0,20000,10000,,15,167
1674200,2026-06-03T05:35:21.198309,665,162,827,0.8041112454655381,8,Very Positive,Alaska Gold Fever,game,False,"Apr 14, 2026",1342,False,,756.0,27.0,True,False,False,18,2,Single-player|Steam Achievements|Full controller support|Steam Cloud|Family Sharing,Action|Adventure|Casual|Indie|RPG|Simulation|Strategy,full,Baked Games,Baked Games S.A.,0,20000,10000,,18,191
1677970,2026-06-03T05:35:21.198309,265,106,371,0.7142857142857143,6,Mostly Positive,Railroad Corporation 2,game,False,"Feb 25, 2026",3999,False,,325.0,64.0,True,False,False,7,1,Single-player|Multi-player|PvP|Online PvP|Co-op|Online Co-op|Steam Achievements|Steam Trading Cards|Steam Cloud|Family Sharing,Simulation|Strategy,,Corbie Games,Iceberg Interactive,0,20000,10000,Early Access|Simulation|Strategy|Trains|Building|Realistic|Sandbox|Economy|Historical|Transportation|Western|City Builder|Immersive Sim|America|Atmospheric|Physics|Management|Resource Management|Singleplayer|Family Friendly,7,17
1679470,2026-06-03T05:35:21.198309,32,8,40,0.8,7,Positive,Royal Wars: Farm TD,game,False,"May 5, 2026",0,True,,,12.0,True,False,False,6,0,Single-player|Steam Achievements|Steam Workshop|Steam Cloud|Steam Leaderboards|Includes level editor,Indie|Simulation|Strategy|Free To Play,,ForgedByteLabs,ForgedByteLabs,0,20000,10000,,0,0
1697850,2026-06-03T05:35:21.198309,18,4,22,0.8181818181818182,7,Positive,Rose and Locket,game,False,"May 26, 2026",1799,False,,,,True,True,False,11,0,Single-player|Full controller support|Adjustable Difficulty|Save Anytime|Family Sharing,Action|Adventure|Indie,full,Whistling Wizard,Ninja Kiwi,0,20000,10000,,0,0
1697870,2026-06-03T05:35:21.198309,372,234,606,0.6138613861386139,5,Mixed,Crown of Greed,game,False,"Mar 31, 2026",1999,False,,580.0,44.0,True,False,False,9,1,Single-player|Steam Achievements|Camera Comfort|Custom Volume Controls|Adjustable Difficulty|Playable without Timed Input|Save Anytime|Stereo Sound|Surround Sound|Steam Cloud|Family Sharing,Indie|RPG|Simulation|Strategy,,BLUM Entertainment,PlayWay S.A.|ConsoleWay,0,20000,10000,,9,14
1702760,2026-06-03T05:35:21.198309,89,42,131,0.6793893129770993,5,Mixed,In Next Life,game,False,"Feb 11, 2026",0,True,,,,True,True,False,10,0,Single-player|Multi-player|MMO|Co-op|Online Co-op|Cross-Platform Multiplayer|In-App Purchases,Adventure|Indie|RPG|Simulation|Free To Play,,Dual Decade,Wereviz AB,0,20000,10000,Early Access|Crafting|Survival|Adventure|RPG|Simulation|Multiplayer|Sandbox|Online Co-Op|Open World Survival Craft|Open World|Building|Base-Building|MMORPG|Cooking|PvE|Life Sim|Historical|Fantasy|2.5D,10,5
1712100,2026-06-03T05:35:21.198309,490,278,768,0.6380208333333334,5,Mixed,Carmageddon: Rogue Shift,game,False,"Feb 6, 2026",3999,False,,695.0,33.0,True,False,False,12,1,Single-player|Steam Achievements|Full controller support|Color Alternatives|Custom Volume Controls|Adjustable Difficulty|Keyboard Only Option|Playable without Timed Input|Stereo Sound|Surround Sound|Steam Cloud|Remote Play on TV|Family Sharing,Action|Racing,full,34BigThings srl,34BigThings srl,0,20000,10000,,12,3
1713350,2026-06-03T05:35:21.198309,1152,572,1724,0.6682134570765661,5,Mixed,Project Castaway,game,False,"Mar 17, 2026",1999,False,,1658.0,59.0,True,False,True,14,0,Single-player|Multi-player|Co-op|Online Co-op|Steam Achievements|Full controller support|Family Sharing,Action|Adventure|Casual|RPG,full,Mardonpol Inc.,Mardonpol Inc.,50000,100000,75000,RPG|Exploration|Open World Survival Craft|Survival|Sandbox|First-Person|Open World|Underwater|Base-Building|Action|Realistic|Casual|Building|Crafting|Adventure|Resource Management|Singleplayer|Early Access|Multiplayer|Co-op,14,22
1718460,2026-06-03T05:35:21.198309,1200,223,1423,0.8432888264230499,8,Very Positive,Terminator 2D: NO FATE,game,False,"Dec 12, 2025",2999,False,,1361.0,32.0,True,True,True,14,0,Single-player|Steam Achievements|Full controller support|Steam Cloud|Steam Leaderboards|Family Sharing,Action,full,Bitmap Bureau,Reef Entertainment,0,20000,10000,,14,6
1730520,2026-06-03T05:35:21.198309,5,18,23,0.21739130434782608,4,Mostly Negative,1000 hidden snails,game,False,"May 6, 2026",199,False,,,59.0,True,False,False,103,0,Single-player|Steam Achievements|Family Sharing,Adventure|Casual|Indie,,Anatoliy Loginovskikh,Anatoliy Loginovskikh,0,20000,10000,,0,0
1748110,2026-06-03T05:35:21.198309,35,14,49,0.7142857142857143,6,Mostly Positive,Town of Zoz,game,False,"Apr 9, 2026",999,False,,,33.0,True,False,False,7,0,Single-player|Steam Achievements|Partial Controller Support|Steam Cloud|Family Sharing,Action|Adventure|Indie|RPG,,Studio Pixanoh,Balor Games,0,20000,10000,,7,1
1753870,2026-06-03T05:35:21.198309,23,21,44,0.5227272727272727,5,Mixed,Peace Island,game,False,"Feb 27, 2026",1999,False,,,,True,True,True,1,0,Single-player|Playable without Timed Input|Save Anytime|Family Sharing,Adventure|Casual|Indie|RPG|Early Access,,Peace Island LLC,TBA,0,20000,10000,,1,0
1755080,2026-06-03T05:35:21.198309,111,52,163,0.6809815950920245,5,Mixed,Away From Life,game,False,"Apr 22, 2026",1299,False,,146.0,16.0,True,False,False,9,0,Single-player|Multi-player|Co-op|Online Co-op|LAN Co-op|Steam Achievements|Family Sharing,Action|Adventure|Indie|Massively Multiplayer|RPG|Simulation|Early Access,,Cursor Games,IZilla Games,0,20000,10000,,9,9
1762570,2026-06-03T05:35:21.198309,324,109,433,0.7482678983833718,6,Mostly Positive,Space Reign,game,False,"Mar 10, 2026",1999,False,,417.0,34.0,True,False,False,1,1,Single-player|Partial Controller Support|Steam Cloud|Family Sharing,Action|Indie|Simulation|Strategy,,Propulsive Games,Propulsive Games,0,20000,10000,Early Access|Space Sim|Space|Real Time Tactics|Action|Indie|Sci-fi|Strategy|RTS|Action RTS|3D|First-Person|Realistic|Third Person|War|Atmospheric|Tactical|Combat|Stealth|Vehicular Combat,1,7
1766060,2026-06-03T05:35:21.198309,9644,3302,12946,0.7449405221690097,6,Mostly Positive,HumanitZ,game,False,"Feb 6, 2026",1999,False,,10092.0,23.0,True,False,False,10,0,Single-player|Multi-player|PvP|Online PvP|Co-op|Online Co-op|Steam Achievements|Partial Controller Support|Family Sharing,Action|Adventure|RPG,,Yodubzz Studios,indie.io,200000,500000,350000,Early Access|Survival|Zombies|Open World|Multiplayer|Base-Building|Crafting|Sandbox|Isometric|PvP|Shooter|Post-apocalyptic|RPG|Horror|Singleplayer|Online Co-Op|Action|Survival Horror|Adventure|Combat,10,1044
1769360,2026-06-03T05:35:21.198309,18,4,22,0.8181818181818182,7,Positive,Move That Box,game,False,"Mar 15, 2026",699,False,,,14.0,True,False,False,7,0,Single-player|Steam Achievements|Full controller support|Steam Cloud|Family Sharing,Adventure|Casual|Indie,full,Crashykk Games,Crashykk Games,0,20000,10000,Puzzle|Adventure|RPGMaker|Logic|Sokoban|Minimalist|Pixel Graphics|Casual|Indie|Arcade|2D|Top-Down|Futuristic|Comedy|Retro|Grid-Based Movement|Early Access|Singleplayer|Walking Simulator|Puzzle-Platformer,7,0
1769960,2026-06-03T05:35:21.198309,22,63,85,0.25882352941176473,4,Mostly Negative,Horizon Journey,game,False,"Jan 30, 2026",1299,False,,,,True,False,False,13,0,Single-player|Multi-player|Co-op|Online Co-op|Steam Cloud|Family Sharing,Action|Adventure|Indie|Strategy|Early Access,,Redivided Studios|REIN,Redivided Studios|REIN,0,20000,10000,,13,0
1780070,2026-06-03T05:35:21.198309,269,55,324,0.8302469135802469,8,Very Positive,Seeds of Calamity,game,False,"Apr 13, 2026",899,False,,241.0,30.0,True,False,False,4,1,Single-player|Steam Achievements|Camera Comfort|Color Alternatives|Custom Volume Controls|Adjustable Difficulty|Save Anytime|Subtitle Options|Partial Controller Support|Steam Cloud|Family Sharing,Adventure|Casual|Indie|RPG|Simulation,,Laborious Lark Studios,Pretty Soon|Doyoyo Games,0,20000,10000,Early Access|Farming Sim|Life Sim|RPG|Pixel Graphics|Agriculture|Simulation|Relaxing|Turn-Based Combat|Crafting|Collectathon|Building|Singleplayer|Fantasy|Character Customization|Magic|Cozy|Sandbox|Wholesome|Fishing,4,10
1795190,2026-06-03T05:35:21.198309,60,24,84,0.7142857142857143,6,Mostly Positive,Speedball,game,False,"Jan 27, 2026",2999,False,,,30.0,True,False,False,12,0,Single-player|Multi-player|PvP|Online PvP|Shared/Split Screen PvP|Shared/Split Screen|Steam Achievements|Full controller support|Steam Trading Cards|Custom Volume Controls|Adjustable Difficulty|Subtitle Options|Steam Cloud|Remote Play Together|Family Sharing,Action|Sports,full,Rebellion,Rebellion,0,20000,10000,Action|Sports|Arcade|3D|Colorful|PvP|Dark|Early Access|Multiplayer|Singleplayer|Violent,12,0
1803550,2026-06-03T05:35:21.198309,111,30,141,0.7872340425531915,6,Mostly Positive,MegaFactory Titan,game,False,"Jun 2, 2026",1199,False,,139.0,18.0,True,True,True,14,0,Single-player|Steam Workshop|Steam Cloud|Family Sharing,Simulation|Strategy,,"Q Switched Productions, LLC","Q Switched Productions, LLC",20000,50000,35000,Early Access|Building|Automation|Resource Management|Base-Building|Procedural Generation|Mining|City Builder|Management|Capitalism|Economy|Space|Simulation|Sci-fi|Science|Futuristic|Realistic|Strategy|Programming|Trading,14,7
1804470,2026-06-03T05:35:21.198309,873,339,1212,0.7202970297029703,6,Mostly Positive,Duel Corp.,game,False,"Jan 21, 2026",2499,False,,1168.0,65.0,True,False,False,13,0,Single-player|Multi-player|PvP|Online PvP|Co-op|Online Co-op|Steam Achievements|Partial Controller Support|Steam Cloud|Steam Leaderboards|Family Sharing,Action|Adventure|Indie|Massively Multiplayer|RPG|Simulation|Early Access,,Dreameffect Entertainment,Dreameffect Entertainment,0,20000,10000,,13,7
1805320,2026-06-03T05:35:21.198309,1476,484,1960,0.753061224489796,6,Mostly Positive,Romestead,game,False,"May 25, 2026",1259,False,,1828.0,,True,False,False,12,0,Single-player|Multi-player|Co-op|Online Co-op|LAN Co-op|Steam Cloud|Family Sharing,Action|Adventure|Indie|RPG|Early Access,,Beartwigs,Three Friends,0,20000,10000,,12,12993
1807360,2026-06-03T05:35:21.198309,47,17,64,0.734375,6,Mostly Positive,Dreadful River,game,False,"Feb 28, 2026",999,False,,,111.0,True,False,False,1,1,Single-player|Steam Achievements|Steam Trading Cards|Custom Volume Controls|Playable without Timed Input|Save Anytime|Stereo Sound|Steam Cloud|Stats|Family Sharing,Action|Adventure|RPG|Strategy,,SureAI,SureAI,20000,50000,35000,Early Access|Exploration|Procedural Generation|Top-Down|Strategy RPG|Nonlinear|Sailing|Naval Combat|Party|Loot|Fantasy|Dungeon Crawler|Colorful|RPG|Action|Stylized|Crafting|Medieval|Relaxing|Family Friendly,1,0
1811190,2026-06-03T05:35:21.198309,33,9,42,0.7857142857142857,6,Mostly Positive,The Bunker Notes - Horror/Drama Visual Novel,game,False,"May 1, 2026",179,False,,,,True,False,False,3,0,Single-player|Full controller support|Adjustable Text Size|Custom Volume Controls|Keyboard Only Option|Mouse Only Option|Playable without Timed Input|Save Anytime|Stereo Sound|Touch Only Option|Family Sharing,Adventure|Indie,full,Synthetic Domain,Synthetic Domain,0,20000,10000,,0,0
1816640,2026-06-03T05:35:21.198309,124,69,193,0.6424870466321243,5,Mixed,Modern Naval Warfare,game,False,"May 26, 2026",5999,False,,156.0,,True,False,False,1,0,Single-player|Family Sharing,Simulation|Strategy|Early Access,,Wave Ops,Matrix Games,0,20000,10000,,1,39
1822450,2026-06-03T05:35:21.198309,649,118,767,0.8461538461538461,8,Very Positive,The Slaverian Trucker,game,False,"Feb 17, 2026",1199,False,,726.0,,True,False,False,1,0,Single-player|Camera Comfort|Custom Volume Controls|Keyboard Only Option|Playable without Timed Input|Save Anytime|Stereo Sound|Partial Controller Support|Family Sharing,Indie|Racing|Simulation,,SawyerK Games,SawyerK Games,20000,50000,35000,Simulation|Automobile Sim|Driving|Transportation|Open World|Exploration|Immersive Sim|Post-apocalyptic|Survival|Realistic|FPS|3D|First-Person|1980s|Racing|Singleplayer|Physics|Early Access,1,22
1822550,2026-06-03T05:35:21.198309,1113,274,1387,0.802451333813987,8,Very Positive,Microcivilization,game,False,"Jan 22, 2026",1799,False,,1368.0,100.0,True,False,False,1,0,Single-player|Steam Achievements|Steam Cloud|Family Sharing,Indie|Strategy,,Ondrej Homola,Ondrej Homola,50000,100000,75000,Clicker|Base-Building|Resource Management|4X|Historical|Strategy|Automation|Inventory Management|City Builder|Mythology|God Game|Building|Idler|Management|Diplomacy|Economy|Singleplayer|Early Access|Indie|2D,1,24
1823950,2026-06-03T05:35:21.198309,1160,248,1408,0.8238636363636364,8,Very Positive,Laysara: Summit Kingdom,game,False,"Feb 27, 2026",1749,False,,1345.0,47.0,True,False,False,11,1,Single-player|Steam Achievements|Steam Trading Cards|Steam Cloud|Family Sharing,Indie|Simulation|Strategy,,Quite OK Games,Future Friends Games|Quite OK Games,50000,100000,75000,Strategy|City Builder|Resource Management|Colony Sim|Building|Real-Time with Pause|Base-Building|Immersive Sim|Simulation|Management|Singleplayer|Automation|Economy|Atmospheric|Survival|Sandbox|Nature|Early Access|Difficult|Indie,11,9
1826420,2026-06-03T05:35:21.198309,479,268,747,0.6412315930388219,5,Mixed,CarX Drift Racing Online 2,game,False,"May 7, 2026",2499,False,,695.0,,True,False,False,2,0,Single-player|Multi-player|PvP|Online PvP|Co-op|Online Co-op|Full controller support|Camera Comfort|Custom Volume Controls|Adjustable Difficulty|Keyboard Only Option|Mouse Only Option|Playable without Timed Input|Stereo Sound|Steam Cloud|Family Sharing,Massively Multiplayer|Racing|Simulation|Sports|Early Access,full,"CarX Technologies, LLC","CarX Technologies, LLC",0,20000,10000,,2,120
1830290,2026-06-03T05:35:21.198309,53,21,74,0.7162162162162162,6,Mostly Positive,Fall of an Empire,game,False,"Mar 3, 2026",2999,False,,,77.0,True,False,False,22,1,Single-player|Steam Achievements|Camera Comfort|Custom Volume Controls|Mouse Only Option|Playable without Timed Input|Save Anytime|Stereo Sound|Steam Cloud|Family Sharing,RPG|Simulation|Strategy,,JG Games,JG Games,0,20000,10000,,22,0
1833200,2026-06-03T05:35:21.198309,441,143,584,0.7551369863013698,6,Mostly Positive,DuneCrawl,game,False,"Jan 5, 2026",1999,False,,503.0,11.0,True,False,False,10,1,Single-player|Multi-player|PvP|Online PvP|LAN PvP|Co-op|Online Co-op|LAN Co-op|Shared/Split Screen Co-op|Shared/Split Screen|Steam Achievements|Full controller support|Adjustable Text Size|Camera Comfort|Custom Volume Controls|Adjustable Difficulty|Playable without Timed Input|Save Anytime|Stereo Sound|Surround Sound|Steam Cloud|Remote Play Together|Family Sharing|Steam Timeline,Action|Adventure|Indie|RPG,full,Alientrap,Alientrap,0,20000,10000,,10,2
1836560,2026-06-03T05:35:21.198309,378,74,452,0.8362831858407079,8,Very Positive,Aether & Iron,game,False,"Mar 30, 2026",2499,False,,408.0,27.0,True,True,False,9,2,Single-player|Steam Achievements|Full controller support|Custom Volume Controls|Adjustable Difficulty|Mouse Only Option|Playable without Timed Input|Save Anytime|Stereo Sound|Subtitle Options|Steam Cloud|Family Sharing,Adventure|Casual|Indie|RPG|Strategy,full,Seismic Squirrel|Chaos Theory Games,Seismic Squirrel,0,20000,10000,,9,17
1843840,2026-06-03T05:35:21.198309,549,231,780,0.7038461538461539,6,Mostly Positive,Rogue Point,game,False,"Feb 12, 2026",1999,False,,683.0,18.0,True,False,False,14,2,Single-player|Multi-player|Co-op|Online Co-op|Steam Achievements|Steam Trading Cards|Partial Controller Support|Steam Cloud|Family Sharing,Action|Early Access,,Crowbar Collective,Team17,0,20000,10000,,14,41
1847420,2026-06-03T05:35:21.198309,31,10,41,0.7560975609756098,6,Mostly Positive,Tatari,game,False,"Jan 12, 2026",249,False,,,25.0,True,False,False,10,0,Single-player|Steam Achievements|Full controller support|Family Sharing,Adventure|Indie,full,Hidden Tower Studios,TheGamesFortress,0,20000,10000,,10,2
1857080,2026-06-03T05:35:21.198309,1130,373,1503,0.7518296739853626,6,Mostly Positive,The Last Starship,game,False,"Feb 3, 2026",999,False,,1431.0,37.0,True,True,False,20,0,Single-player|Steam Workshop|Steam Cloud|Includes level editor|Family Sharing,Indie|Simulation|Strategy,,Introversion Software,Introversion Software,50000,100000,75000,Strategy|Sandbox|Simulation|Singleplayer|Space|Sci-fi|Base-Building|Space Sim|Mining|Building|2D|Top-Down|Combat|Early Access|Colony Sim|Indie|Automation|Exploration|Management|Science,20,341
1858810,2026-06-03T05:35:21.198309,63,19,82,0.7682926829268293,6,Mostly Positive,The Perfect Pencil,game,False,"Jan 29, 2026",1874,False,,,30.0,True,False,False,9,0,Single-player|Steam Achievements|Full controller support|Steam Cloud|Family Sharing,Action|Adventure|Indie,full,Studio Cima,Studio Cima|Doyoyo Games,0,20000,10000,,9,2
1863430,2026-06-03T05:35:21.198309,1849,630,2479,0.745865268253328,6,Mostly Positive,Dragonkin: The Banished,game,False,"Mar 16, 2026",2499,False,,2038.0,44.0,True,False,False,11,5,Single-player|Multi-player|Co-op|Online Co-op|Shared/Split Screen Co-op|Shared/Split Screen|Steam Achievements|Full controller support|Steam Cloud|Remote Play Together|Family Sharing,Action,full,Eko Software,Nacon,20000,50000,35000,Action|Hack and Slash|Adventure|Action RPG|RPG|Loot|Dungeon Crawler|Isometric|Early Access|Fantasy|Top-Down|Indie|Dragons|Dark Fantasy|Singleplayer,11,78
1866130,2026-06-03T05:35:21.198309,1126,230,1356,0.8303834808259587,8,Very Positive,Morbid Metal,game,False,"Apr 8, 2026",1799,False,,1214.0,18.0,True,False,False,7,0,Single-player|Steam Achievements|Partial Controller Support|Steam Cloud,Action|Early Access,,SCREEN JUICE,Ubisoft,0,20000,10000,,7,44
1871100,2026-06-03T05:35:21.198309,31,11,42,0.7380952380952381,6,Mostly Positive,Ruinlander,game,False,"Apr 12, 2026",1199,False,,,,True,False,True,2,0,Single-player|Family Sharing,Indie|RPG|Simulation|Strategy|Early Access,,wineviper,wineviper,0,20000,10000,,2,1
1873750,2026-06-03T05:35:21.198309,34,13,47,0.723404255319149,6,Mostly Positive,Periphery Online,game,False,"Apr 10, 2026",499,False,,,,True,False,False,2,0,Multi-player|MMO|PvP|Online PvP|Family Sharing,Indie|Massively Multiplayer|Strategy,,Aleksandr Nagaev,Aleksandr Nagaev,0,20000,10000,RTS|Space|Futuristic|Massively Multiplayer|Sci-fi|3D|Strategy|Open World|Grand Strategy|Top-Down|4X|Wargame|City Builder|Colony Sim|Exploration|Action RTS|PvP|Early Access|Indie,2,1
1895900,2026-06-03T05:35:21.198309,425,360,785,0.5414012738853503,5,Mixed,1348 Ex Voto,game,False,"Mar 12, 2026",1624,False,,631.0,19.0,True,False,False,7,1,Single-player|Steam Achievements|Full controller support|Camera Comfort|Color Alternatives|Custom Volume Controls|Stereo Sound|Steam Cloud|Family Sharing,Action|Adventure|Indie,full,Sedleo,Dear Villagers,0,20000,10000,,7,7
1904680,2026-06-03T05:35:21.198309,11,16,27,0.4074074074074074,5,Mixed,Chapel 3-D: The Ascent,game,False,"Feb 19, 2026",0,True,,,1.0,True,False,False,1,1,Single-player|Steam Achievements|Full controller support,Action|Adventure|Indie|Free To Play,full,Unfinished Games,Feardemic,0,20000,10000,,1,0
1925460,2026-06-03T05:35:21.198309,10,11,21,0.47619047619047616,5,Mixed,Truck Driver: The American Dream,game,False,"May 29, 2026",1599,False,,,35.0,True,False,False,11,0,Single-player|Steam Achievements|Full controller support|Adjustable Text Size|Camera Comfort|Color Alternatives|Custom Volume Controls|Playable without Timed Input|Save Anytime|Subtitle Options|Steam Cloud|Remote Play on TV|HDR available|Family Sharing,Casual|RPG|Simulation,full,Kyodai,SOEDESCO,0,20000,10000,,0,1
1933930,2026-06-03T05:35:21.198309,113,65,178,0.6348314606741573,5,Mixed,Ancient Farm,game,False,"Jan 7, 2026",1499,False,,133.0,31.0,True,False,False,12,0,Single-player|Steam Achievements|Steam Trading Cards|Adjustable Text Size|Custom Volume Controls|Playable without Timed Input|Save Anytime|Stereo Sound|Steam Cloud|Family Sharing,Casual|Simulation,,A2 Softworks,Ultimate Games S.A.|PlayWay S.A.|Ultimate Publishing,0,20000,10000,,12,0
1938100,2026-06-03T05:35:21.198309,60,14,74,0.8108108108108109,8,Very Positive,Notmads,game,False,"May 13, 2026",1899,False,,,36.0,True,False,False,15,0,Single-player|Multi-player|Co-op|Online Co-op|LAN Co-op|Steam Achievements|Full controller support|Camera Comfort|Custom Volume Controls|Save Anytime|Stereo Sound|Steam Cloud|Family Sharing,Action|Adventure|Indie|RPG|Early Access,full,Rhomita,Rhomita,0,20000,10000,,15,4
1942110,2026-06-03T05:35:21.198309,1000,224,1224,0.8169934640522876,8,Very Positive,Bootstrap Island,game,False,"Mar 12, 2026",2499,False,,1166.0,30.0,True,False,False,12,1,Single-player|Steam Achievements|Tracked Controller Support|VR Only|Stereo Sound|Surround Sound|Touch Only Option|Steam Cloud|Steam Leaderboards|Family Sharing,Action|Adventure|Indie|Simulation|Strategy,,Maru VR,Maru VR,20000,50000,35000,Early Access|Survival|Adventure|Life Sim|Rogue-like|Action|Survival Horror|Open World|Nature|Atmospheric|Building|VR|Simulation|Immersive Sim|Realistic|Physics|Exploration|Singleplayer|Historical|PvE,12,18
1943610,2026-06-03T05:35:21.198309,693,311,1004,0.6902390438247012,5,Mixed,Aero Tales Online: The World - Anime MMORPG,game,False,"Apr 30, 2026",0,True,,,86.0,True,False,False,12,0,Multi-player|MMO|PvP|Online PvP|Cross-Platform Multiplayer|Steam Achievements|In-App Purchases,Massively Multiplayer|RPG|Free To Play,,Anisage Games,Anisage Games,0,20000,10000,,0,58
1962950,2026-06-03T05:35:21.198309,84,18,102,0.8235294117647058,8,Very Positive,The Green Light,game,False,"Jan 29, 2026",499,False,,,,True,False,False,5,0,Single-player|Partial Controller Support|Family Sharing,Adventure|Indie|Simulation,,waleedzo,waleedzo,0,20000,10000,,5,0
1963370,2026-06-03T05:35:21.198309,4944,2709,7653,0.6460211681693454,5,Mixed,No One Survived,game,False,"Dec 27, 2025",1699,False,,6819.0,23.0,True,False,False,20,2,Single-player|Multi-player|Co-op|Online Co-op|Steam Achievements|Steam Cloud|Family Sharing,Adventure|Indie|RPG,,Cat Play Studio,Cat Play Studio,200000,500000,350000,Survival|Open World|Zombies|Multiplayer|Crafting|Survival Horror|Post-apocalyptic|Exploration|Building|Co-op|Third Person|Singleplayer|Adventure|Online Co-Op|3D|Sandbox|First-Person|RPG|Gore|Early Access,20,89
1963610,2026-06-03T05:35:21.198309,6598,1211,7809,0.8449225252913305,8,Very Positive,Road to Vostok,game,False,"Apr 7, 2026",1999,False,,7648.0,,True,False,False,1,0,Single-player|Family Sharing,Action|Early Access,,Road to Vostok Ltd.,Road to Vostok Ltd.,0,20000,10000,,1,434
1966410,2026-06-03T05:35:21.198309,184,100,284,0.647887323943662,5,Mixed,Aphelion,game,False,"Apr 28, 2026",2999,False,,250.0,30.0,True,False,False,9,1,Single-player|Steam Achievements|Full controller support|Captions available|Playable without Timed Input|Steam Cloud|Family Sharing,Action|Adventure,full,DON'T NOD,DON'T NOD,0,20000,10000,,9,3
1972450,2026-06-03T05:35:21.198309,27,12,39,0.6923076923076923,5,Mixed,Earth of Oryn,game,False,"Jan 19, 2026",1499,False,,,,True,True,False,1,1,Single-player|Custom Volume Controls|Save Anytime|Stereo Sound|Surround Sound|Family Sharing,Simulation|Strategy|Early Access,,Earth of Oryn,Earth of Oryn,0,20000,10000,,1,0
1997660,2026-06-03T05:35:21.198309,823,595,1418,0.580394922425952,5,Mixed,GreedFall: The Dying World,game,False,"Mar 10, 2026",4999,False,,942.0,53.0,True,False,False,11,4,Single-player|Steam Achievements|Camera Comfort|Custom Volume Controls|Adjustable Difficulty|Playable without Timed Input|Save Anytime|Stereo Sound|Subtitle Options|Partial Controller Support|Steam Cloud|Family Sharing,Action|Adventure|RPG,,Spiders,Nacon,20000,50000,35000,RPG|Adventure|Story Rich|Fantasy|Singleplayer|Character Customization|Choices Matter|Open World|Exploration|Action|Early Access|Real-Time with Pause|Action RPG|Tactical RPG|Third Person|Romance|CRPG|Dark Fantasy|Politics|Political,11,18
2005690,2026-06-03T05:35:21.198309,25,18,43,0.5813953488372093,5,Mixed,The 9th Charnel,game,False,"Jan 29, 2026",1999,False,,,18.0,True,False,False,13,0,Single-player|Steam Achievements|Partial Controller Support|Steam Cloud|Family Sharing,Action|Adventure|Indie|Simulation|Free To Play,,Saikat Deb,SOEDESCO,0,20000,10000,,13,0
2015270,2026-06-03T05:35:21.198309,6017,2012,8029,0.7494083945696849,6,Mostly Positive,Rotwood,game,False,"Mar 3, 2026",2999,False,,7340.0,22.0,True,False,False,10,0,Single-player|Multi-player|Co-op|Online Co-op|Shared/Split Screen Co-op|Shared/Split Screen|Full controller support|Steam Cloud|Remote Play Together|Family Sharing,Action|Adventure|RPG,full,Klei Entertainment,Klei Entertainment,500000,1000000,750000,Early Access|Hack and Slash|Dungeon Crawler|Rogue-lite|Beat 'em up|PvE|Rogue-like|RPG|2D|Action|Family Friendly|Adventure|Co-op|Local Co-Op|Local Multiplayer|Multiplayer|Online Co-Op|Singleplayer|Replay Value|Fighting,10,32
2017480,2026-06-03T05:35:21.198309,83,22,105,0.7904761904761904,6,Mostly Positive,Elengard: Ascension,game,False,"Jan 19, 2026",2499,False,,101.0,,True,False,False,4,0,Single-player|Family Sharing,Action|Adventure|RPG|Strategy|Early Access,,Stèphano M. M. G.,Stèphano M. M. G.,0,20000,10000,,4,3
2018960,2026-06-03T05:35:21.198309,24,11,35,0.6857142857142857,5,Mixed,Neolithic Dawn,game,False,"Dec 11, 2025",1999,False,,,12.0,True,False,False,10,0,Single-player|Multi-player|Co-op|Online Co-op|Cross-Platform Multiplayer|Tracked Controller Support|VR Only|Family Sharing,Action|Adventure|Indie|RPG|Simulation,,Neolithic LLC,Neolithic LLC,0,20000,10000,,10,0
2050710,2026-06-03T05:35:21.198309,72,14,86,0.8372093023255814,8,Very Positive,Narin: The Orange Room,game,False,"Apr 7, 2026",1499,False,,,16.0,True,False,False,10,0,Single-player|Steam Achievements|Custom Volume Controls|Stereo Sound|Surround Sound|Partial Controller Support|Steam Cloud|Family Sharing,Adventure|Indie,,RedSensationGames,Urnique Studio|Rising Tide,0,20000,10000,,10,0
2054310,2026-06-03T05:35:21.198309,21,4,25,0.84,7,Positive,Nova Antarctica,game,False,"Jan 28, 2026",2499,False,,,35.0,True,False,False,10,1,Single-player|Steam Achievements|Full controller support|Family Sharing,Adventure|Indie,full,RexLabo|PARCO GAMES,PARCO GAMES,0,20000,10000,,10,1
2056200,2026-06-03T05:35:21.198309,210,84,294,0.7142857142857143,6,Mostly Positive,Summa Expeditionis,game,False,"May 6, 2026",1999,False,,263.0,4.0,True,False,False,14,0,Single-player|Steam Achievements|Steam Cloud|Family Sharing,Action|Simulation|Strategy,,Lobico Games,Megalevel,0,20000,10000,Base-Building|Survival|Rome|Management|Sandbox|Simulation|Strategy|Building|Exploration|Crafting|City Builder|Action|Historical|Colorful|Third Person|Singleplayer|Early Access|3D|Real Time Tactics|Multiplayer,14,3
2067070,2026-06-03T05:35:21.198309,25,9,34,0.7352941176470589,6,Mostly Positive,Ragtag Heroes : CO-OP Deckbuilder,game,False,"Feb 11, 2026",1499,False,,,20.0,True,False,False,1,0,Single-player|Multi-player|Co-op|Online Co-op|Partial Controller Support|Family Sharing,Adventure|RPG|Strategy|Early Access,,fad|Ragtag Heroes Team,Ragtag Heroes Team,0,20000,10000,,1,0
2067490,2026-06-03T05:35:21.198309,25,29,54,0.46296296296296297,5,Mixed,Competitive Checkers,game,False,"Feb 18, 2026",0,True,,,,True,False,False,1,0,Single-player|Multi-player|PvP|Online PvP,Indie|Simulation|Strategy|Free To Play,,SGS Games,SGS Games,0,20000,10000,,1,0
2068080,2026-06-03T05:35:21.198309,41,11,52,0.7884615384615384,6,Mostly Positive,NEOTAG LEAGUE,game,False,"Mar 27, 2026",0,True,,,,True,False,False,2,0,Single-player|Multi-player|PvP|Online PvP|Full controller support,Action|Casual|Indie|Sports|Free To Play,full,amfib.io,amfib.io,0,20000,10000,,1,1
2069250,2026-06-03T05:35:21.198309,1642,641,2283,0.7192290845378887,6,Mostly Positive,High On Life 2,game,False,"Feb 13, 2026",5999,False,,1930.0,31.0,True,False,False,7,0,Single-player|Steam Achievements|Full controller support|Adjustable Text Size|Camera Comfort|Color Alternatives|Custom Volume Controls|Adjustable Difficulty|Stereo Sound|Steam Cloud|Family Sharing,Action|Adventure,full,"Squanch Games, Inc.","Squanch Games, Inc.",0,20000,10000,,7,37
